pool_id,total_funds,allocated_funds,replenished_by
f2324d9e-3f9b-4607-9cc7-c3ab02380ea3,50000.00000000,0.00000000,ecosystem_fund
c997ea14-3065-4744-8524-92bb729f0a38,100000.00000000,25000.00000000,ecosystem_fund
f5a8824c-5dd2-434d-9e88-cc04d5750f85,13027.48956544,5046.87897467,Susan Mathews
29f12fba-1368-4b7b-bfb1-72d7fe32f5d8,48220.80035665,7988.45017891,Carla Wells
fc672417-3c45-4c1d-9bc2-b3b8f95f7e5f,17189.92171086,5061.15528401,Karen Brown
